Bulbasaur0.png,Bulbasaur
Bulbasaur1.png,Bulbasaur
Bulbasaur10.png,Bulbasaur
Bulbasaur100.png,Bulbasaur
Bulbasaur101.png,Bulbasaur
Bulbasaur102.jpg,Bulbasaur
Bulbasaur103.png,Bulbasaur
Bulbasaur104.jpg,Bulbasaur
Bulbasaur105.jpg,Bulbasaur
Bulbasaur106.png,Bulbasaur
Bulbasaur107.png,Bulbasaur
Bulbasaur108.png,Bulbasaur
Bulbasaur109.png,Bulbasaur
Bulbasaur11.png,Bulbasaur
Bulbasaur110.jpg,Bulbasaur
Bulbasaur111.jpg,Bulbasaur
Bulbasaur112.png,Bulbasaur
Bulbasaur113.png,Bulbasaur
Bulbasaur114.jpg,Bulbasaur
Bulbasaur115.jpg,Bulbasaur
Bulbasaur116.jpg,Bulbasaur
Bulbasaur117.jpg,Bulbasaur
Bulbasaur118.png,Bulbasaur
Bulbasaur119.jpg,Bulbasaur
Bulbasaur12.png,Bulbasaur
Bulbasaur120.jpg,Bulbasaur
Bulbasaur121.jpg,Bulbasaur
Bulbasaur122.png,Bulbasaur
Bulbasaur123.jpg,Bulbasaur
Bulbasaur124.jpg,Bulbasaur
Bulbasaur125.jpg,Bulbasaur
Bulbasaur126.png,Bulbasaur
Bulbasaur127.png,Bulbasaur
Bulbasaur128.png,Bulbasaur
Bulbasaur129.png,Bulbasaur
Bulbasaur13.png,Bulbasaur
Bulbasaur130.jpg,Bulbasaur
Bulbasaur131.jpg,Bulbasaur
Bulbasaur132.jpg,Bulbasaur
Bulbasaur133.jpg,Bulbasaur
Bulbasaur134.jpg,Bulbasaur
Bulbasaur135.png,Bulbasaur
Bulbasaur136.jpg,Bulbasaur
Bulbasaur137.jpg,Bulbasaur
Bulbasaur138.jpg,Bulbasaur
Bulbasaur139.jpg,Bulbasaur
Bulbasaur14.png,Bulbasaur
Bulbasaur140.png,Bulbasaur
Bulbasaur141.png,Bulbasaur
Bulbasaur142.png,Bulbasaur
Bulbasaur143.png,Bulbasaur
Bulbasaur144.png,Bulbasaur
Bulbasaur145.png,Bulbasaur
Bulbasaur146.jpg,Bulbasaur
Bulbasaur147.jpg,Bulbasaur
Bulbasaur148.jpg,Bulbasaur
Bulbasaur149.jpg,Bulbasaur
Bulbasaur15.jpg,Bulbasaur
Bulbasaur150.jpg,Bulbasaur
Bulbasaur151.png,Bulbasaur
Bulbasaur152.png,Bulbasaur
Bulbasaur153.png,Bulbasaur
Bulbasaur154.jpg,Bulbasaur
Bulbasaur155.png,Bulbasaur
Bulbasaur156.jpg,Bulbasaur
Bulbasaur157.jpg,Bulbasaur
Bulbasaur158.png,Bulbasaur
Bulbasaur159.png,Bulbasaur
Bulbasaur16.png,Bulbasaur
Bulbasaur160.jpg,Bulbasaur
Bulbasaur161.jpg,Bulbasaur
Bulbasaur162.png,Bulbasaur
Bulbasaur163.png,Bulbasaur
Bulbasaur164.jpg,Bulbasaur
Bulbasaur165.jpg,Bulbasaur
Bulbasaur166.png,Bulbasaur
Bulbasaur167.png,Bulbasaur
Bulbasaur168.jpg,Bulbasaur
Bulbasaur169.png,Bulbasaur
Bulbasaur17.png,Bulbasaur
Bulbasaur170.png,Bulbasaur
Bulbasaur171.png,Bulbasaur
Bulbasaur172.png,Bulbasaur
Bulbasaur173.jpg,Bulbasaur
Bulbasaur174.jpg,Bulbasaur
Bulbasaur175.jpg,Bulbasaur
Bulbasaur176.jpg,Bulbasaur
Bulbasaur177.png,Bulbasaur
Bulbasaur178.jpg,Bulbasaur
Bulbasaur179.jpg,Bulbasaur
Bulbasaur18.jpg,Bulbasaur
Bulbasaur180.jpg,Bulbasaur
Bulbasaur181.jpg,Bulbasaur
Bulbasaur182.png,Bulbasaur
Bulbasaur183.jpg,Bulbasaur
Bulbasaur184.png,Bulbasaur
Bulbasaur185.png,Bulbasaur
Bulbasaur186.jpg,Bulbasaur
Bulbasaur187.jpg,Bulbasaur
Bulbasaur188.png,Bulbasaur
Bulbasaur189.png,Bulbasaur
Bulbasaur19.jpg,Bulbasaur
Bulbasaur190.png,Bulbasaur
Bulbasaur191.jpg,Bulbasaur
Bulbasaur192.jpg,Bulbasaur
Bulbasaur193.png,Bulbasaur
Bulbasaur194.jpg,Bulbasaur
Bulbasaur196.jpg,Bulbasaur
Bulbasaur197.jpg,Bulbasaur
Bulbasaur198.jpg,Bulbasaur
Bulbasaur199.jpg,Bulbasaur
Bulbasaur2.png,Bulbasaur
Bulbasaur20.png,Bulbasaur
Bulbasaur200.png,Bulbasaur
Bulbasaur201.jpg,Bulbasaur
Bulbasaur202.png,Bulbasaur
Bulbasaur203.png,Bulbasaur
Bulbasaur204.jpg,Bulbasaur
Bulbasaur205.jpg,Bulbasaur
Bulbasaur206.png,Bulbasaur
Bulbasaur207.jpg,Bulbasaur
Bulbasaur208.jpg,Bulbasaur
Bulbasaur209.jpg,Bulbasaur
Bulbasaur21.png,Bulbasaur
Bulbasaur210.jpg,Bulbasaur
Bulbasaur211.jpg,Bulbasaur
Bulbasaur212.jpg,Bulbasaur
Bulbasaur213.jpg,Bulbasaur
Bulbasaur214.jpg,Bulbasaur
Bulbasaur215.jpg,Bulbasaur
Bulbasaur216.jpg,Bulbasaur
Bulbasaur217.jpg,Bulbasaur
Bulbasaur218.jpg,Bulbasaur
Bulbasaur219.jpg,Bulbasaur
Bulbasaur22.png,Bulbasaur
Bulbasaur220.jpg,Bulbasaur
Bulbasaur221.jpg,Bulbasaur
Bulbasaur222.jpg,Bulbasaur
Bulbasaur223.jpg,Bulbasaur
Bulbasaur224.jpg,Bulbasaur
Bulbasaur225.jpg,Bulbasaur
Bulbasaur23.jpg,Bulbasaur
Bulbasaur24.png,Bulbasaur
Bulbasaur25.jpg,Bulbasaur
Bulbasaur257.jpg,Bulbasaur
Bulbasaur258.jpg,Bulbasaur
Bulbasaur259.jpg,Bulbasaur
Bulbasaur26.png,Bulbasaur
Bulbasaur260.jpg,Bulbasaur
Bulbasaur261.jpg,Bulbasaur
Bulbasaur262.jpg,Bulbasaur
Bulbasaur27.png,Bulbasaur
Bulbasaur28.png,Bulbasaur
Bulbasaur29.jpg,Bulbasaur
Bulbasaur3.png,Bulbasaur
Bulbasaur30.jpg,Bulbasaur
Bulbasaur31.png,Bulbasaur
Bulbasaur32.jpg,Bulbasaur
Bulbasaur33.jpg,Bulbasaur
Bulbasaur34.jpg,Bulbasaur
Bulbasaur35.jpg,Bulbasaur
Bulbasaur36.png,Bulbasaur
Bulbasaur37.jpg,Bulbasaur
Bulbasaur38.jpg,Bulbasaur
Bulbasaur39.jpg,Bulbasaur
Bulbasaur4.png,Bulbasaur
Bulbasaur40.jpg,Bulbasaur
Bulbasaur41.png,Bulbasaur
Bulbasaur42.jpg,Bulbasaur
Bulbasaur43.jpg,Bulbasaur
Bulbasaur44.jpg,Bulbasaur
Bulbasaur45.png,Bulbasaur
Bulbasaur46.png,Bulbasaur
Bulbasaur47.png,Bulbasaur
Bulbasaur48.png,Bulbasaur
Bulbasaur49.jpg,Bulbasaur
Bulbasaur5.png,Bulbasaur
Bulbasaur50.jpg,Bulbasaur
Bulbasaur51.jpg,Bulbasaur
Bulbasaur52.jpg,Bulbasaur
Bulbasaur53.jpg,Bulbasaur
Bulbasaur54.png,Bulbasaur
Bulbasaur55.jpg,Bulbasaur
Bulbasaur56.jpg,Bulbasaur
Bulbasaur57.jpg,Bulbasaur
Bulbasaur58.png,Bulbasaur
Bulbasaur59.png,Bulbasaur
Bulbasaur6.jpg,Bulbasaur
Bulbasaur60.png,Bulbasaur
Bulbasaur61.jpg,Bulbasaur
Bulbasaur62.jpg,Bulbasaur
Bulbasaur63.png,Bulbasaur
Bulbasaur64.jpg,Bulbasaur
Bulbasaur65.jpg,Bulbasaur
Bulbasaur66.jpg,Bulbasaur
Bulbasaur67.png,Bulbasaur
Bulbasaur68.png,Bulbasaur
Bulbasaur69.png,Bulbasaur
Bulbasaur7.jpg,Bulbasaur
Bulbasaur70.png,Bulbasaur
Bulbasaur71.png,Bulbasaur
Bulbasaur72.png,Bulbasaur
Bulbasaur73.png,Bulbasaur
Bulbasaur74.jpg,Bulbasaur
Bulbasaur75.jpg,Bulbasaur
Bulbasaur76.jpg,Bulbasaur
Bulbasaur77.jpg,Bulbasaur
Bulbasaur78.jpg,Bulbasaur
Bulbasaur79.png,Bulbasaur
Bulbasaur8.png,Bulbasaur
Bulbasaur80.png,Bulbasaur
Bulbasaur81.jpg,Bulbasaur
Bulbasaur82.png,Bulbasaur
Bulbasaur83.png,Bulbasaur
Bulbasaur84.png,Bulbasaur
Bulbasaur85.png,Bulbasaur
Bulbasaur86.png,Bulbasaur
Bulbasaur87.png,Bulbasaur
Bulbasaur88.jpg,Bulbasaur
Bulbasaur89.png,Bulbasaur
Bulbasaur9.png,Bulbasaur
Bulbasaur90.jpg,Bulbasaur
Bulbasaur91.jpg,Bulbasaur
Bulbasaur92.png,Bulbasaur
Bulbasaur93.png,Bulbasaur
Bulbasaur94.png,Bulbasaur
Bulbasaur95.jpg,Bulbasaur
Bulbasaur96.png,Bulbasaur
Bulbasaur97.png,Bulbasaur
Bulbasaur98.png,Bulbasaur
Bulbasaur99.png,Bulbasaur
Charmander0.png,Charmander
Charmander1.jpg,Charmander
Charmander10.png,Charmander
Charmander100.jpg,Charmander
Charmander101.png,Charmander
Charmander102.jpg,Charmander
Charmander103.jpg,Charmander
Charmander104.jpg,Charmander
Charmander105.png,Charmander
Charmander106.png,Charmander
Charmander107.jpg,Charmander
Charmander108.png,Charmander
Charmander109.jpg,Charmander
Charmander11.png,Charmander
Charmander110.jpg,Charmander
Charmander111.jpg,Charmander
Charmander112.jpg,Charmander
Charmander113.png,Charmander
Charmander114.jpg,Charmander
Charmander115.jpg,Charmander
Charmander116.png,Charmander
Charmander117.jpg,Charmander
Charmander118.jpg,Charmander
Charmander119.jpg,Charmander
Charmander12.jpg,Charmander
Charmander120.jpg,Charmander
Charmander121.jpg,Charmander
Charmander122.jpg,Charmander
Charmander123.jpg,Charmander
Charmander124.jpg,Charmander
Charmander125.png,Charmander
Charmander126.jpg,Charmander
Charmander127.png,Charmander
Charmander128.jpg,Charmander
Charmander129.png,Charmander
Charmander13.jpg,Charmander
Charmander130.png,Charmander
Charmander131.jpg,Charmander
Charmander132.jpg,Charmander
Charmander133.png,Charmander
Charmander134.jpg,Charmander
Charmander135.jpg,Charmander
Charmander136.jpg,Charmander
Charmander137.png,Charmander
Charmander138.png,Charmander
Charmander139.jpg,Charmander
Charmander14.jpg,Charmander
Charmander140.jpg,Charmander
Charmander141.png,Charmander
Charmander142.jpg,Charmander
Charmander143.jpg,Charmander
Charmander144.jpg,Charmander
Charmander145.png,Charmander
Charmander146.jpg,Charmander
Charmander147.jpg,Charmander
Charmander148.jpg,Charmander
Charmander149.png,Charmander
Charmander15.png,Charmander
Charmander150.png,Charmander
Charmander151.jpg,Charmander
Charmander152.jpg,Charmander
Charmander153.jpg,Charmander
Charmander154.png,Charmander
Charmander155.png,Charmander
Charmander156.jpg,Charmander
Charmander157.jpg,Charmander
Charmander158.jpg,Charmander
Charmander159.jpg,Charmander
Charmander16.png,Charmander
Charmander160.png,Charmander
Charmander161.jpg,Charmander
Charmander162.jpg,Charmander
Charmander163.jpg,Charmander
Charmander164.jpg,Charmander
Charmander165.jpg,Charmander
Charmander166.png,Charmander
Charmander167.png,Charmander
Charmander168.jpg,Charmander
Charmander169.png,Charmander
Charmander17.png,Charmander
Charmander170.jpg,Charmander
Charmander171.png,Charmander
Charmander172.jpg,Charmander
Charmander173.jpg,Charmander
Charmander174.png,Charmander
Charmander175.jpg,Charmander
Charmander176.png,Charmander
Charmander177.jpg,Charmander
Charmander178.jpg,Charmander
Charmander179.jpg,Charmander
Charmander18.png,Charmander
Charmander180.png,Charmander
Charmander181.png,Charmander
Charmander182.jpg,Charmander
Charmander183.jpg,Charmander
Charmander184.jpg,Charmander
Charmander185.jpg,Charmander
Charmander186.jpg,Charmander
Charmander187.jpg,Charmander
Charmander188.jpg,Charmander
Charmander189.jpg,Charmander
Charmander19.png,Charmander
Charmander190.jpg,Charmander
Charmander191.jpg,Charmander
Charmander192.jpg,Charmander
Charmander193.jpg,Charmander
Charmander194.jpg,Charmander
Charmander195.jpg,Charmander
Charmander196.jpg,Charmander
Charmander197.png,Charmander
Charmander198.jpg,Charmander
Charmander199.jpg,Charmander
Charmander2.jpg,Charmander
Charmander20.png,Charmander
Charmander200.jpg,Charmander
Charmander201.jpg,Charmander
Charmander202.jpg,Charmander
Charmander203.png,Charmander
Charmander204.jpg,Charmander
Charmander205.jpg,Charmander
Charmander206.jpg,Charmander
Charmander207.jpg,Charmander
Charmander208.png,Charmander
Charmander209.jpg,Charmander
Charmander21.png,Charmander
Charmander210.jpg,Charmander
Charmander211.jpg,Charmander
Charmander212.png,Charmander
Charmander213.png,Charmander
Charmander214.jpg,Charmander
Charmander215.jpg,Charmander
Charmander216.jpg,Charmander
Charmander217.jpg,Charmander
Charmander218.png,Charmander
Charmander219.png,Charmander
Charmander22.png,Charmander
Charmander220.png,Charmander
Charmander221.jpg,Charmander
Charmander222.jpg,Charmander
Charmander223.jpg,Charmander
Charmander224.jpg,Charmander
Charmander225.jpg,Charmander
Charmander226.jpg,Charmander
Charmander227.jpg,Charmander
Charmander228.jpg,Charmander
Charmander229.jpg,Charmander
Charmander23.jpg,Charmander
Charmander230.jpg,Charmander
Charmander231.jpg,Charmander
Charmander232.jpg,Charmander
Charmander233.jpg,Charmander
Charmander24.jpg,Charmander
Charmander25.png,Charmander
Charmander26.png,Charmander
Charmander266.jpg,Charmander
Charmander268.jpg,Charmander
Charmander269.jpg,Charmander
Charmander27.png,Charmander
Charmander270.jpg,Charmander
Charmander271.jpg,Charmander
Charmander272.jpg,Charmander
Charmander273.jpg,Charmander
Charmander274.jpg,Charmander
Charmander275.jpg,Charmander
Charmander276.jpg,Charmander
Charmander28.png,Charmander
Charmander29.png,Charmander
Charmander3.png,Charmander
Charmander30.png,Charmander
Charmander31.png,Charmander
Charmander32.jpg,Charmander
Charmander33.jpg,Charmander
Charmander34.jpg,Charmander
Charmander35.jpg,Charmander
Charmander36.png,Charmander
Charmander37.jpg,Charmander
Charmander38.png,Charmander
Charmander39.jpg,Charmander
Charmander4.png,Charmander
Charmander40.png,Charmander
Charmander41.jpg,Charmander
Charmander42.jpg,Charmander
Charmander43.jpg,Charmander
Charmander44.png,Charmander
Charmander45.png,Charmander
Charmander46.png,Charmander
Charmander47.png,Charmander
Charmander48.png,Charmander
Charmander49.jpg,Charmander
Charmander5.png,Charmander
Charmander50.png,Charmander
Charmander51.jpg,Charmander
Charmander52.jpg,Charmander
Charmander53.jpg,Charmander
Charmander54.png,Charmander
Charmander55.png,Charmander
Charmander56.png,Charmander
Charmander57.png,Charmander
Charmander58.png,Charmander
Charmander59.jpg,Charmander
Charmander6.png,Charmander
Charmander60.jpg,Charmander
Charmander61.png,Charmander
Charmander62.png,Charmander
Charmander63.png,Charmander
Charmander64.jpg,Charmander
Charmander65.jpg,Charmander
Charmander66.jpg,Charmander
Charmander67.png,Charmander
Charmander68.png,Charmander
Charmander69.png,Charmander
Charmander7.jpg,Charmander
Charmander70.png,Charmander
Charmander71.jpg,Charmander
Charmander72.jpg,Charmander
Charmander73.png,Charmander
Charmander74.jpg,Charmander
Charmander75.png,Charmander
Charmander76.jpg,Charmander
Charmander77.png,Charmander
Charmander78.png,Charmander
Charmander79.png,Charmander
Charmander8.png,Charmander
Charmander80.png,Charmander
Charmander81.jpg,Charmander
Charmander82.png,Charmander
Charmander83.jpg,Charmander
Charmander84.jpg,Charmander
Charmander85.jpg,Charmander
Charmander86.jpg,Charmander
Charmander87.jpg,Charmander
Charmander88.jpg,Charmander
Charmander89.jpg,Charmander
Charmander9.png,Charmander
Charmander90.png,Charmander
Charmander91.jpg,Charmander
Charmander92.jpg,Charmander
Charmander93.jpg,Charmander
Charmander94.png,Charmander
Charmander95.png,Charmander
Charmander96.jpg,Charmander
Charmander97.jpg,Charmander
Charmander98.jpg,Charmander
Charmander99.jpg,Charmander
Squirtle0.png,Squirtle
Squirtle1.jpg,Squirtle
Squirtle10.png,Squirtle
Squirtle100.jpg,Squirtle
Squirtle101.jpg,Squirtle
Squirtle102.png,Squirtle
Squirtle103.jpg,Squirtle
Squirtle104.jpg,Squirtle
Squirtle105.jpg,Squirtle
Squirtle106.png,Squirtle
Squirtle107.png,Squirtle
Squirtle108.jpg,Squirtle
Squirtle109.jpg,Squirtle
Squirtle11.jpg,Squirtle
Squirtle110.png,Squirtle
Squirtle111.jpg,Squirtle
Squirtle112.jpg,Squirtle
Squirtle113.jpg,Squirtle
Squirtle114.jpg,Squirtle
Squirtle115.jpg,Squirtle
Squirtle116.jpg,Squirtle
Squirtle117.jpg,Squirtle
Squirtle118.jpg,Squirtle
Squirtle119.jpg,Squirtle
Squirtle12.png,Squirtle
Squirtle120.jpg,Squirtle
Squirtle121.jpg,Squirtle
Squirtle122.jpg,Squirtle
Squirtle123.png,Squirtle
Squirtle124.jpg,Squirtle
Squirtle125.png,Squirtle
Squirtle126.png,Squirtle
Squirtle127.png,Squirtle
Squirtle128.png,Squirtle
Squirtle129.jpg,Squirtle
Squirtle13.jpg,Squirtle
Squirtle130.png,Squirtle
Squirtle131.jpg,Squirtle
Squirtle132.jpg,Squirtle
Squirtle133.jpg,Squirtle
Squirtle134.png,Squirtle
Squirtle135.jpg,Squirtle
Squirtle136.png,Squirtle
Squirtle137.png,Squirtle
Squirtle138.png,Squirtle
Squirtle139.png,Squirtle
Squirtle14.jpg,Squirtle
Squirtle140.jpg,Squirtle
Squirtle141.png,Squirtle
Squirtle142.jpg,Squirtle
Squirtle143.jpg,Squirtle
Squirtle144.jpg,Squirtle
Squirtle145.jpg,Squirtle
Squirtle146.jpg,Squirtle
Squirtle147.jpg,Squirtle
Squirtle148.jpg,Squirtle
Squirtle149.png,Squirtle
Squirtle15.png,Squirtle
Squirtle150.jpg,Squirtle
Squirtle151.jpg,Squirtle
Squirtle152.png,Squirtle
Squirtle153.jpg,Squirtle
Squirtle154.jpg,Squirtle
Squirtle155.jpg,Squirtle
Squirtle156.png,Squirtle
Squirtle157.png,Squirtle
Squirtle158.jpg,Squirtle
Squirtle159.png,Squirtle
Squirtle16.png,Squirtle
Squirtle160.jpg,Squirtle
Squirtle161.png,Squirtle
Squirtle162.jpg,Squirtle
Squirtle163.png,Squirtle
Squirtle164.png,Squirtle
Squirtle165.jpg,Squirtle
Squirtle166.jpg,Squirtle
Squirtle167.jpg,Squirtle
Squirtle168.jpg,Squirtle
Squirtle169.jpg,Squirtle
Squirtle17.png,Squirtle
Squirtle170.png,Squirtle
Squirtle171.jpg,Squirtle
Squirtle172.jpg,Squirtle
Squirtle173.jpg,Squirtle
Squirtle174.jpg,Squirtle
Squirtle175.jpg,Squirtle
Squirtle176.png,Squirtle
Squirtle177.jpg,Squirtle
Squirtle178.jpg,Squirtle
Squirtle179.jpg,Squirtle
Squirtle18.jpg,Squirtle
Squirtle180.jpg,Squirtle
Squirtle181.jpg,Squirtle
Squirtle182.png,Squirtle
Squirtle183.jpg,Squirtle
Squirtle184.png,Squirtle
Squirtle185.jpg,Squirtle
Squirtle186.jpg,Squirtle
Squirtle187.png,Squirtle
Squirtle188.jpg,Squirtle
Squirtle189.png,Squirtle
Squirtle19.jpg,Squirtle
Squirtle190.png,Squirtle
Squirtle191.png,Squirtle
Squirtle192.jpg,Squirtle
Squirtle193.png,Squirtle
Squirtle194.jpg,Squirtle
Squirtle195.png,Squirtle
Squirtle196.jpg,Squirtle
Squirtle197.jpg,Squirtle
Squirtle198.jpg,Squirtle
Squirtle199.jpg,Squirtle
Squirtle2.jpg,Squirtle
Squirtle20.jpg,Squirtle
Squirtle200.jpg,Squirtle
Squirtle201.jpg,Squirtle
Squirtle202.jpg,Squirtle
Squirtle203.jpg,Squirtle
Squirtle204.jpg,Squirtle
Squirtle205.jpg,Squirtle
Squirtle206.jpg,Squirtle
Squirtle207.jpg,Squirtle
Squirtle208.jpg,Squirtle
Squirtle209.jpg,Squirtle
Squirtle21.png,Squirtle
Squirtle210.jpg,Squirtle
Squirtle211.jpg,Squirtle
Squirtle212.jpg,Squirtle
Squirtle213.jpg,Squirtle
Squirtle214.jpg,Squirtle
Squirtle215.jpg,Squirtle
Squirtle216.jpg,Squirtle
Squirtle217.jpg,Squirtle
Squirtle218.jpg,Squirtle
Squirtle219.jpg,Squirtle
Squirtle22.png,Squirtle
Squirtle220.jpg,Squirtle
Squirtle221.jpg,Squirtle
Squirtle222.jpg,Squirtle
Squirtle223.jpg,Squirtle
Squirtle224.jpg,Squirtle
Squirtle225.jpg,Squirtle
Squirtle226.jpg,Squirtle
Squirtle227.jpg,Squirtle
Squirtle228.jpg,Squirtle
Squirtle229.jpg,Squirtle
Squirtle23.png,Squirtle
Squirtle24.png,Squirtle
Squirtle25.png,Squirtle
Squirtle26.png,Squirtle
Squirtle260.jpg,Squirtle
Squirtle27.png,Squirtle
Squirtle28.jpg,Squirtle
Squirtle29.jpg,Squirtle
Squirtle3.png,Squirtle
Squirtle30.jpg,Squirtle
Squirtle31.png,Squirtle
Squirtle32.jpg,Squirtle
Squirtle33.jpg,Squirtle
Squirtle34.png,Squirtle
Squirtle35.jpg,Squirtle
Squirtle36.jpg,Squirtle
Squirtle37.jpg,Squirtle
Squirtle38.jpg,Squirtle
Squirtle39.jpg,Squirtle
Squirtle4.png,Squirtle
Squirtle40.png,Squirtle
Squirtle41.jpg,Squirtle
Squirtle42.png,Squirtle
Squirtle43.png,Squirtle
Squirtle44.png,Squirtle
Squirtle45.jpg,Squirtle
Squirtle46.jpg,Squirtle
Squirtle47.jpg,Squirtle
Squirtle48.jpg,Squirtle
Squirtle49.png,Squirtle
Squirtle5.png,Squirtle
Squirtle50.png,Squirtle
Squirtle51.png,Squirtle
Squirtle52.jpg,Squirtle
Squirtle53.jpg,Squirtle
Squirtle54.jpg,Squirtle
Squirtle55.jpg,Squirtle
Squirtle56.png,Squirtle
Squirtle57.jpg,Squirtle
Squirtle58.png,Squirtle
Squirtle59.png,Squirtle
Squirtle6.png,Squirtle
Squirtle60.png,Squirtle
Squirtle61.png,Squirtle
Squirtle62.png,Squirtle
Squirtle63.png,Squirtle
Squirtle64.png,Squirtle
Squirtle65.png,Squirtle
Squirtle66.png,Squirtle
Squirtle67.jpg,Squirtle
Squirtle68.png,Squirtle
Squirtle69.png,Squirtle
Squirtle7.jpg,Squirtle
Squirtle70.png,Squirtle
Squirtle71.jpg,Squirtle
Squirtle72.jpg,Squirtle
Squirtle73.png,Squirtle
Squirtle74.jpg,Squirtle
Squirtle75.png,Squirtle
Squirtle76.jpg,Squirtle
Squirtle77.png,Squirtle
Squirtle78.png,Squirtle
Squirtle79.jpg,Squirtle
Squirtle8.png,Squirtle
Squirtle80.png,Squirtle
Squirtle81.jpg,Squirtle
Squirtle82.jpg,Squirtle
Squirtle83.png,Squirtle
Squirtle84.png,Squirtle
Squirtle85.png,Squirtle
Squirtle86.jpg,Squirtle
Squirtle87.jpg,Squirtle
Squirtle88.jpg,Squirtle
Squirtle89.png,Squirtle
Squirtle9.png,Squirtle
Squirtle90.png,Squirtle
Squirtle91.jpg,Squirtle
Squirtle92.png,Squirtle
Squirtle93.png,Squirtle
Squirtle94.png,Squirtle
Squirtle95.jpg,Squirtle
Squirtle96.jpg,Squirtle
Squirtle97.jpg,Squirtle
Squirtle98.png,Squirtle
Squirtle99.png,Squirtle
